{"accuracy": [0.9244760870933533, 0.9467023611068726, 0.9528259038925171, 0.9540959596633911], "loss": [0.21200031042099, 0.15276950597763062, 0.14111033082008362, 0.13337752223014832], "val_accuracy": [0.949164867401123, 0.949164867401123, 0.9564270377159119, 0.9586056470870972], "val_loss": [0.15045423805713654, 0.13484781980514526, 0.12544746696949005, 0.12262480705976486], "learning_rate": [9.999999747378752e-06, 9.999999747378752e-06, 9.999999747378752e-06, 9.999999747378752e-06]}