{"accuracy": [0.5153769254684448, 0.5577428936958313, 0.6097251176834106, 0.6515467762947083, 0.674680233001709, 0.6948199272155762, 0.7052980065345764, 0.7198584675788879], "loss": [0.7196571230888367, 0.6823558807373047, 0.6609064340591431, 0.6431244611740112, 0.6317652463912964, 0.6181052923202515, 0.607877254486084, 0.5968358516693115], "val_accuracy": [0.7694262862205505, 0.7973856329917908, 0.7705156207084656, 0.7984749674797058, 0.7785040140151978, 0.7962962985038757, 0.7857661843299866, 0.7995642423629761], "val_loss": [0.6757278442382812, 0.6590361595153809, 0.644229531288147, 0.6305570006370544, 0.6191427707672119, 0.6076339483261108, 0.5981581211090088, 0.5886474251747131], "learning_rate": [9.999999747378752e-05, 9.999999747378752e-05, 9.999999747378752e-05, 9.999999747378752e-05, 9.999999747378752e-05, 9.999999747378752e-05, 9.999999747378752e-05, 9.999999747378752e-05]}